INSERT INTO ressources.utilisateurs (id, nom, prenom, email, passeaccess, telephone, adresse, etat) VALUES
('550e8400-e29b-41d4-a716-446655440000', 'Dupont', 'Jean', 'jean.dupont@example.com', 'password123', '0123456789', '123 Rue de Paris', 'active'),
('550e8400-e29b-41d4-a716-446655440001', 'Martin', 'Marie', 'marie.martin@example.com', 'password123', '0123456788', '456 Avenue de Lyon', 'active'),
('550e8400-e29b-41d4-a716-446655440002', 'Durand', 'Pierre', 'pierre.durand@example.com', 'password123', '0123456787', '789 Boulevard de Nice', 'inactive'),
('550e8400-e29b-41d4-a716-446655440003', 'Lefevre', 'Sophie', 'sophie.lefevre@example.com', 'password123', '0123456786', '101 Rue de Marseille', 'active');

INSERT INTO ressources.messages (id, contenu, datecreation, datemodification, etat, expediteur_id) VALUES
('550e8400-e29b-41d4-a716-446655440010', 'Bonjour, comment ça va?', '2023-10-01', '2023-10-01', 'envoyé', '550e8400-e29b-41d4-a716-446655440000'),
('550e8400-e29b-41d4-a716-446655440014', 'Réunion à 15h après demain.', '2024-10-02', '2023-10-02', 'envoyé', '550e8400-e29b-41d4-a716-446655440001'),
('550e8400-e29b-41d4-a716-446655440011', 'Réunion à 10h demain.', '2023-10-02', '2023-10-02', 'envoyé', '550e8400-e29b-41d4-a716-446655440001'),
('550e8400-e29b-41d4-a716-446655440012', 'Merci pour votre aide.', '2023-10-03', '2023-10-03', 'envoyé', '550e8400-e29b-41d4-a716-446655440002'),
('550e8400-e29b-41d4-a716-446655440013', 'Veuillez trouver ci-joint le document.', '2023-10-04', '2023-10-04', 'envoyé', '550e8400-e29b-41d4-a716-446655440003');

INSERT INTO ressources.recevoir (message_id, utilisateur_id) VALUES
('550e8400-e29b-41d4-a716-446655440010', '550e8400-e29b-41d4-a716-446655440001'),
('550e8400-e29b-41d4-a716-446655440014', '550e8400-e29b-41d4-a716-446655440000'),
('550e8400-e29b-41d4-a716-446655440011', '550e8400-e29b-41d4-a716-446655440000'),
('550e8400-e29b-41d4-a716-446655440010', '550e8400-e29b-41d4-a716-446655440001'),
('550e8400-e29b-41d4-a716-446655440010', '550e8400-e29b-41d4-a716-446655440003'),
('550e8400-e29b-41d4-a716-446655440011', '550e8400-e29b-41d4-a716-446655440003'),
('550e8400-e29b-41d4-a716-446655440012', '550e8400-e29b-41d4-a716-446655440003'),
('550e8400-e29b-41d4-a716-446655440012', '550e8400-e29b-41d4-a716-446655440002'),
('550e8400-e29b-41d4-a716-446655440013', '550e8400-e29b-41d4-a716-446655440002');
INSERT INTO ressources.professeurs (id, cniUrlFront, cniUrlBack, nomEtablissement, nomClasse, matriculeProfesseur) VALUES
('550e8400-e29b-41d4-a716-446655440000', 'path_to_cni_front_1', 'path_to_cni_back_1', 'Université de Douala', 'Classe de Mathématiques', 'MATH101'),
('550e8400-e29b-41d4-a716-446655440001', 'path_to_cni_front_2', 'path_to_cni_back_2', 'École Normale Supérieure', 'Classe de Physique', 'PHYS102');
INSERT INTO ressources.repetiteurs (id, cniUrlFront, cniUrlBack, pieceIdentite, photo) VALUES
('550e8400-e29b-41d4-a716-446655440002', 'path_to_cni_front_3', 'path_to_cni_back_3', 'CNI_ID_3', 'photo_url_3'),
('550e8400-e29b-41d4-a716-446655440003', 'path_to_cni_front_4', 'path_to_cni_back_4', 'CNI_ID_4', 'photo_url_4');
